{
  "timestamp": "20251003_124248",
  "iteration": 10000,
  "train_losses": [
    9.129518022537232,
    6.249767727851868,
    5.751644665002823,
    5.432924321889877,
    5.380447548627854,
    5.287347407341003,
    5.201901209354401,
    5.206252094507217,
    5.128036706447602,
    5.146241910457611,
    5.054771481752396,
    5.089460607767105,
    5.142615798711777,
    4.971773710250854,
    5.018589770793914,
    4.986998063325882,
    4.901928544044495,
    4.924854670763016,
    4.882941116094589,
    4.833026471734047
  ],
  "valid_losses": [
    9.130995869636536,
    6.351803512573242,
    5.781590422391892,
    5.6069504833221435,
    5.517809283733368,
    5.369585566520691,
    5.316266185045242,
    5.262127176523209,
    5.158866701126098,
    5.103218721151352,
    5.177156277894974,
    5.101760529279709,
    5.106319153308869,
    5.066332763433456,
    4.955312205553055,
    4.9866281771659855,
    4.9465500092506405,
    4.944554382562638,
    4.932551403641701,
    4.939222619533539
  ],
  "train_ppls": [
    9223.57534224239,
    517.8925186892013,
    314.7078238326993,
    228.81740373538926,
    217.11942518452676,
    197.81799827534553,
    181.61720617786816,
    182.40912330469595,
    168.68561335377868,
    171.78469345781065,
    156.76870174157824,
    162.3022938421263,
    171.1629109708002,
    144.28257602921107,
    151.19792963990514,
    146.49599106312616,
    134.54901333118875,
    137.6693328098662,
    132.01837482188307,
    125.59048210376211
  ],
  "valid_ppls": [
    9237.216453562814,
    573.526138433827,
    324.27451396569484,
    272.31254886498004,
    249.08875624475485,
    214.77383978784715,
    203.62217332242238,
    192.8913691934505,
    173.9671870269423,
    164.55069864162073,
    177.17824821424654,
    164.31092700939686,
    165.06166862379737,
    158.5916664602556,
    141.92690982608215,
    146.44181424379707,
    140.68875079955296,
    140.40826853578682,
    138.73302511680404,
    139.6616371202669
  ]
}