{
  "timestamp": "20251005_192151",
  "iteration": 10000,
  "train_losses": [
    5.391083490848541,
    4.080670750141143,
    4.118255652189255,
    4.118281594514847,
    4.0693074274063115,
    4.066421988010407,
    4.0487049961090085,
    4.09080335021019,
    4.029991974830628,
    4.040501079559326,
    4.000860288143158,
    4.030070139169693,
    3.987196750640869,
    3.9932286298274993,
    3.9395544254779815,
    3.9641987037658692,
    3.9298926997184753,
    3.9404408383369445,
    3.954084361791611,
    3.903088995218277
  ],
  "valid_losses": [
    5.364040174484253,
    4.133196280002594,
    4.126940160989761,
    4.140352500677109,
    4.110208399295807,
    4.1024039101600644,
    4.101395148038864,
    4.045079884529113,
    4.142436131238937,
    4.054532527923584,
    4.097548708915711,
    4.048539190292359,
    4.040392457246781,
    4.023428028821945,
    4.035654059648514,
    3.9959933757781982,
    4.023642826080322,
    3.9648880326747893,
    4.02871377825737,
    4.007620505094528
  ],
  "train_ppls": [
    219.44101912982637,
    59.18515499005087,
    61.45195513519193,
    61.45354936249919,
    58.516421684812634,
    58.347819459106525,
    57.32317522324482,
    59.78790304107917,
    56.26045974559773,
    56.85482445947149,
    54.64514038397881,
    56.264857479119975,
    53.90357221829597,
    54.22969463034853,
    51.3956955853101,
    52.678041757003975,
    50.90151562921041,
    51.44127358825189,
    52.14792344632695,
    49.55528897386779
  ],
  "valid_ppls": [
    213.5861308465433,
    62.37697893633224,
    61.98795927790631,
    62.82496338858189,
    60.95942014620351,
    60.48551471431312,
    60.424529982903024,
    57.11574851658181,
    62.95600387491564,
    57.658203095230256,
    60.19255712751682,
    57.31367149527243,
    56.84864909235673,
    55.89237847975788,
    56.579914777858924,
    54.379833411142414,
    55.90438529888927,
    52.71436677255565,
    56.18859375795506,
    55.015804862829924
  ]
}