{
  "timestamp": "20251003_020629",
  "iteration": 297,
  "train_losses": [
    9.135263471603393
  ],
  "valid_losses": [
    9.137469944953919
  ],
  "train_ppls": [
    9276.721452517138
  ],
  "valid_ppls": [
    9297.212889773891
  ]
}