{
  "timestamp": "20251003_021708",
  "iteration": 1912,
  "train_losses": [
    9.134580550193787,
    5.869582514762879,
    5.5604641020298,
    5.282446354627609
  ],
  "valid_losses": [
    9.125736680030823,
    5.978839534521103,
    5.5966400253772735,
    5.448123054504395
  ],
  "train_ppls": [
    9270.388343580242,
    354.10111741566493,
    259.9434486147166,
    196.8508537871248
  ],
  "valid_ppls": [
    9188.763703583847,
    394.9817394219924,
    269.51930633160225,
    232.32170125491427
  ]
}