{
  "timestamp": "20251003_022538",
  "iteration": 3625,
  "train_losses": [
    9.132858023643493,
    5.998576678037644,
    5.513576445579528,
    5.219495766162872,
    5.244669423103333,
    5.252831830978393,
    5.0975641715526585,
    5.109532077312469
  ],
  "valid_losses": [
    9.130632095336914,
    6.077304810285568,
    5.67069188117981,
    5.482845658063889,
    5.408580594062805,
    5.219080436229706,
    5.178996448516846,
    5.1929361116886135
  ],
  "train_ppls": [
    9254.433598707652,
    402.854992879087,
    248.03663216001516,
    184.84095750340347,
    189.5531429813315,
    191.10668474373148,
    163.62286426959807,
    165.59285209010247
  ],
  "valid_ppls": [
    9233.856802731327,
    435.8529040032509,
    290.23527326329105,
    240.5302011247121,
    223.31438884745674,
    184.76420346110612,
    177.50458658850164,
    179.99626698242258
  ]
}