{
  "timestamp": "20251004_181034",
  "iteration": 10000,
  "train_losses": [
    5.384823150634766,
    4.10352410197258,
    4.082370533943176,
    4.081991443634033,
    4.115782041549682,
    4.035000920295715,
    4.043951436281204,
    4.0193834912776945,
    4.050422257184982,
    4.007429542541504,
    4.026445609331131,
    4.0093786239624025,
    4.013193726539612,
    3.999409407377243,
    3.996302636861801,
    3.9996998167037963,
    3.9200201332569122,
    3.9437547767162324,
    3.8990400445461275,
    3.922501788139343
  ],
  "valid_losses": [
    5.368972723484039,
    4.169427636861801,
    4.154992059469223,
    4.130547314882278,
    4.169944169521332,
    4.0979551923274995,
    4.077370369434357,
    4.092267180681229,
    4.121343567371368,
    4.069447156190872,
    4.087164725065231,
    4.080873987674713,
    4.043817769289017,
    4.03347335934639,
    4.0298103272914885,
    4.026532536745071,
    4.007442288398742,
    4.034571597576141,
    4.011275128126145,
    4.024933376312256
  ],
  "train_ppls": [
    218.07153488457897,
    60.55330805635613,
    59.285842507086265,
    59.26337207815248,
    61.300134774788916,
    56.54297227455415,
    57.05133270203233,
    55.666776192558146,
    57.42169865181937,
    55.00529990733514,
    56.06129296001715,
    55.112614263671325,
    55.323276133190696,
    54.565914288551944,
    54.39665357812676,
    54.5817630401745,
    50.40145951338362,
    51.61202958022025,
    49.35504771033067,
    50.526693871422225
  ],
  "valid_ppls": [
    214.6422574594534,
    64.67842196649966,
    63.751458325386196,
    62.21196315184112,
    64.7118391135932,
    60.21702937694706,
    58.990143429603194,
    59.87548648336652,
    61.642006841183196,
    58.52459868455931,
    59.57075257785934,
    59.197184857393864,
    57.043707331631325,
    56.45666537445655,
    56.25024109965814,
    56.06616643505251,
    55.00600100150311,
    56.5187023021225,
    55.21723474132522,
    55.97657929126963
  ]
}