{
  "timestamp": "20251003_020818",
  "iteration": 417,
  "train_losses": [
    9.131195340156555
  ],
  "valid_losses": [
    9.134268293380737
  ],
  "train_ppls": [
    9239.059189712
  ],
  "valid_ppls": [
    9267.494053564746
  ]
}